{"cameraMode":{"drawMode":0,"name":"Shaded","section":"Shading Mode"},"sceneLighting":true,"audioPlay":false,"sceneViewState":{"m_AlwaysRefresh":false,"showFog":true,"showSkybox":true,"showFlares":true,"showImageEffects":true,"showParticleSystems":true,"showVisualEffectGraphs":true,"m_FxEnabled":true},"in2DMode":false,"pivot":{"x":28.006587982177736,"y":31.991979598999025,"z":6.760830402374268},"rotation":{"x":-0.6060852408409119,"y":-0.017416860908269883,"z":0.013277641497552395,"w":-0.7951028943061829},"size":29.562286376953126,"orthographic":false}