{"cameraMode":{"drawMode":0,"name":"Shaded","section":"Shading Mode"},"sceneLighting":false,"audioPlay":false,"sceneViewState":{"m_AlwaysRefresh":false,"showFog":true,"showSkybox":false,"showFlares":true,"showImageEffects":true,"showParticleSystems":true,"showVisualEffectGraphs":true,"m_FxEnabled":true},"in2DMode":false,"pivot":{"x":0.007811546325683594,"y":-4.934800148010254,"z":0.13817596435546876},"rotation":{"x":-0.1105191558599472,"y":0.8760002851486206,"z":-0.23990491032600404,"w":-0.4035549461841583},"size":8.744948387145996,"orthographic":false}