{"cameraMode":{"drawMode":0,"name":"Shaded","section":"Shading Mode"},"sceneLighting":false,"audioPlay":false,"sceneViewState":{"m_AlwaysRefresh":false,"showFog":true,"showSkybox":false,"showFlares":true,"showImageEffects":true,"showParticleSystems":true,"showVisualEffectGraphs":true,"m_FxEnabled":true},"in2DMode":false,"pivot":{"x":-0.22858810424804688,"y":-0.3063030242919922,"z":3.4137163162231447},"rotation":{"x":-0.16904421150684358,"y":0.8184384107589722,"z":-0.30136188864707949,"w":-0.4590900242328644},"size":7.205288887023926,"orthographic":false}